SUBID,mean_elevation,SLOPE_MEAN,AREA
10206,787.9989843999999,2.4008934930000003,91500000.0
