SUBID,mean_elevation,SLOPE_MEAN,AREA
10305,981.3409935000001,3.2432620539999997,1210000000.0
