SUBID,mean_elevation,SLOPE_MEAN,AREA
8154,610.9602145,1.705176821,77500000.0
